Stock Code,Overinvestment2019
900939,
900956,-102925.8913814579
900952,
900933,-113510.08695428392
900957,
900937,
900928,
900943,
900927,
900938,
900953,-124264.51310293023
900940,
900955,
900951,-139189.01259598022
900922,-131306.78704148522
900911,
900934,
900915,-136280.73963074517
900929,
900914,
900913,
900912,
900926,
900916,-123887.32245226693
900948,-138017.75866271704
900924,-140423.86994043874
900947,-114430.52897738869
900921,-130998.2440514263
900923,
900919,
900936,-127202.62079621298
900945,
900946,-124901.60762347738
900920,-144039.51189180833
900932,
900917,
900918,-137771.77641012007
900925,-152082.75007436314
900941,
600759,-53973.79400729835
655,-115834.03879128139
600766,-123144.63180756204
505,-127964.91871537136
639,-128384.31025793844
600882,-110983.56379032385
600137,-141813.44904153555
600735,-128040.26015132022
600793,-139607.6838376102
509,-134681.63696259167
659,-143540.71131136265
637,-130605.76843339273
819,-141222.6839682162
600691,-110850.37123209765
677,-121414.55866505229
703,-84694.7377267281
672,-44425.09993777698
600668,-136950.0254539514
600678,-132532.3762276251
600881,-78103.9312267597
600883,-110003.61378645548
519,-74660.72942866934
600879,-87548.71641500671
760,-126317.99387876001
584,-122923.26534448555
1696,-122064.55556418514
633,
803,
600877,
790,
600664,
600671,
587,
591,
600101,
600157,
600644,
600674,
600886,
10,
582,
586,
670,
801,
810,
600666,
600745,
600839,
4,
503,
600804,
600892,
600858,
2,
7,
502,
514,
656,
667,
668,
671,
838,
600067,
809,
504,
719,
600880,
665,
600777,
600783,
200550,-109088.80179841774
200613,
601619,
600795,
600717,
600660,611144.4892787586
200055,-129807.29692912713
601882,-112198.4689585105
18,
600834,
600707,
600677,
600751,
600729,
600821,
600816,
600657,
600706,
200056,
200152,
600687,
600415,
200986,-146634.18303160236
603169,-26054.646251273138
536,
600711,-27112.768229975016
603690,-121222.9523408273
601212,-41176.51775145455
601518,
601162,
600686,-118206.1541677798
200625,-118126.83912948276
20,
200992,-143367.29908378236
200726,-142414.81324471315
200413,
200160,
601865,-145112.23240329965
600139,-119972.36535653836
563,
600705,
600658,
526,
600968,-123063.11863076885
601188,
19,
516,
200771,-131636.01292196088
600025,
601016,
601766,23961.705090793082
695,-130890.88317466917
600012,
600109,
600903,
600362,-130476.45410540942
2785,-113572.37819623912
601228,
600050,
601326,
600026,
200761,-107999.99700095179
547,
14,
200168,
200045,
200058,
601588,
200468,
600115,
200581,-124791.90280043788
3816,
651,
518,
543,
593,
600874,
200018,
600898,
564,
600693,
600027,
200505,-117136.66471702204
2703,-129813.24111266535
600429,-111774.5012949122
600983,
600385,
600350,
36,
200706,-148971.95329955246
600871,-21478.831416498782
525,-116078.003487474
600802,-104618.45952622143
601288,
600373,
200020,
600029,
601698,
600379,
601111,
652,
785,
600774,
600692,
300708,
201872,
601005,36526.677089704724
2265,-110163.66867227203
548,
200530,-127898.92177633618
552,-69489.1708540847
603993,-65978.03736271954
600688,282074.7041041752
600855,-85328.09992377914
600035,
555,
600850,
9,
600176,146494.35526845203
600567,-124672.58885696654
300591,-132347.81832116962
200521,
601968,-105599.51507670085
200725,
601988,
553,-137209.18431069813
600800,-129791.28781046416
23,-128623.62496327549
1872,
601818,
540,
600939,
601398,
601860,
600965,-128865.05535096826
721,
601086,
200028,
506,-139090.5939815471
510,-119043.25258680471
600699,-70309.62061770787
613,
882,
2072,
200869,-136236.9006769311
600917,
900942,
300601,
601330,
517,
736,
601606,
601319,
601949,
600182,-141199.6710406757
1896,
32,
600188,-24944.959019260685
752,-130220.3705772619
12,-80317.64593665281
538,
601985,
2105,-119108.55613373219
600820,
600808,-118456.51659631697
756,
601068,
601236,
603126,
600371,-100216.4505663609
601611,
200553,-132218.7379463859
600480,-121046.00205025828
200026,
600873,-5098.71261043087
600809,305320.9400710605
601718,36478.179600259726
600961,-118682.60863191195
530,-110295.47538676724
200030,-125833.98163952121
27,
544,
28,
501,
600848,
200429,
2044,
601069,-117309.01429027056
856,-126820.528905881
603002,-124055.86120894826
600894,-45395.79203577954
550,3870.4840862952697
601107,
600667,
200019,
26,
776,
11,
2059,
603177,
600496,
603335,-129518.71583116641
2945,
851,
200596,-84435.02177878738
600548,
300675,
2969,
600018,
600343,-73395.74563640104
402,
537,
558,
38,
603299,-126025.97692888769
565,-120030.43516266704
629,-11041.110583937145
601018,
600822,
600929,-113181.69126247938
601872,
923,-127222.33321345829
603505,-119635.19977446727
837,-145381.16666739775
716,-133028.20214273848
200054,-128159.64918195082
17,-127448.7213395074
600794,
951,-131783.56914490496
601333,
600070,
403,
889,
600229,
601990,
2042,-74475.81438147037
600801,57186.285838546755
559,-82316.85850193255
600862,-105727.98763118147
601880,
610,
600673,
600203,
603069,
600150,-38613.17216129837
600359,-136677.27273013795
626,
2071,
898,-24186.007573340758
570,-139875.02064270302
600863,
16,
45,
601901,
600896,
35,
600179,
600889,-114396.22064191669
600146,-109841.83528043622
200037,
2958,
560,
65,
557,
601225,24938.266271041648
600073,-30891.93236305061
600689,-123470.11375056779
600836,-99390.74031815483
600720,-91410.05511350128
600847,
600885,
600812,
600979,
600681,
605,
600676,
600831,
600845,
600695,
601375,
600162,
600807,
600749,
546,
607,
600551,
600791,
831,-58409.56230758221
200025,
603817,
600489,60203.33029760572
600190,
603533,
600090,
600785,
600161,
701,
404,-118034.8432209102
987,
961,
600763,
711,
600238,-140806.10084542903
600585,1781889.873839587
600875,-81790.63541028675
600787,
600828,
600833,
608,
833,
600123,-57420.98053902693
600169,197271.2249362135
953,-133678.09092416082
595,-130287.36118373727
2067,-87625.66368759927
410,-78546.47890387995
301,-119286.04199143747
600019,296121.5310918138
533,
601668,
600183,
25,
617,
600470,-123990.52716541343
528,65231.80175453544
600982,
600377,
600888,
600697,
600778,
600721,
911,-125320.13643036933
600028,1232587.418103361
2209,-104256.15879331509
2075,18426.856050031172
601007,
789,-78603.75043356366
603028,-116804.67968110155
601002,-82451.60231622812
603011,-87725.08361771354
100,
680,-110958.26892975201
601128,
820,-127812.2812966044
200539,
600191,-140212.74277272195
600469,-119786.9690971995
600425,-106835.122887393
300643,-131715.27636867992
600900,
606,
732,
600112,
825,-7278.00858351044
592,-113925.51427443819
850,-134301.299503201
735,-83211.7615501235
792,25455.37837043198
600559,-31275.358738851035
600505,
2839,
31,
600259,-69264.73798174944
600483,
600230,-140450.06521619967
971,
600173,
601579,-123302.43878376277
200488,-128286.56283324513
603256,-143628.71275395664
600111,281290.85154606495
600057,
875,
705,
300402,-126532.77165130849
600908,
600228,-128325.09891836903
589,-81719.24085752378
635,-131343.86081833125
935,-51176.3711390291
600152,
600133,
601669,
50,
600701,
601607,
666,
600030,
300797,
893,-112832.48843956293
815,-79471.51911210048
2948,
2907,
603099,
600462,
600243,-125654.86898225629
30,-30102.5686251351
561,
603712,
300603,
2259,
813,
600187,
600710,
2936,
968,-124372.84905139726
600433,-93612.25331533379
37,
669,
600221,
411,
906,
600864,
965,
600515,
551,
603779,-97350.02366462881
900910,-138260.37636332636
601298,
600069,-129524.63097807241
950,
300666,
2807,
601999,
600301,-78617.63575412834
21,
897,
601608,-67496.88124684131
2057,-103675.9667247531
600810,-142122.14368667785
915,
662,
600928,
600185,
600141,-94416.39798300927
2213,-119759.53769786813
600017,
200512,
802,
902,-103807.90852040872
600163,
601615,-143798.0410813615
852,-108132.64626835684
600779,178962.6993477186
603058,-122601.93106334154
600590,
600780,
600119,
603799,-152398.56890468058
600148,-115760.98216970611
600547,437140.1382305876
601727,38879.48606174259
600561,
2049,
56,
603363,-122780.96125131518
2225,-124944.72089322306
48,-120508.62703846226
600962,-131289.28401304194
600792,-130466.88283879394
408,-148493.25698209446
425,645403.7830404096
521,
600290,
600351,
600771,
531,
600856,
601390,
600936,
600247,
600682,
600730,
600273,12892.83169688686
603105,
603093,
603056,
600714,-125550.14760203176
859,-92737.20043350768
600725,-140233.23690056696
657,-140048.95997598808
600284,
166,
862,
581,78209.35397623171
600452,
599,-86583.31819446138
807,-1115.6922706009937
600781,
600853,
600754,
601500,-80068.40385188622
600475,-136151.29203362126
600523,-108518.55735108245
600478,
600506,-124284.11394194537
688,-97690.94563113085
603929,
300588,
601916,
49,-31934.5924039635
601006,
2819,
200570,-143170.45017296833
823,
2043,-113780.59114580398
603227,-97592.72015103365
601008,
600985,-120705.20620065212
972,-125341.45696804582
663,-137431.693941918
545,-113930.53241819452
600165,-124634.68800941676
600803,17907.163518112793
600579,-91928.51279062178
600815,-27798.582157457568
600578,
600512,
554,
632,
829,
600511,
600838,
600155,
600837,
616,
600208,
600322,
600823,
892,
600876,-106539.15748514826
600444,-145583.6553590922
952,
603843,
603869,
836,
600715,
2162,-121086.87211052717
600408,-112015.57868519287
722,
2060,
600103,-73769.87131216706
600006,-96405.16286568568
2189,
600775,
600318,
710,
683,-41770.72409872015
600796,-111106.93227875078
835,
603815,
959,-113600.32590840702
300573,
600216,
600391,-99230.02489180455
600010,44537.268827901455
55,-123861.90697464274
600732,
600476,
600753,
620,
909,
600077,
600082,
600265,-129096.44148322799
2087,-134879.2624639032
600089,
861,
600768,-139725.75575114734
600841,-96572.70450286113
600761,-27093.308077188136
585,
676,
34,
600180,
600387,
600829,
600827,
600830,
300592,
600079,
822,-130390.78929156803
600685,-41683.5884087359
300633,-109104.1916834514
601598,
900905,
600493,-129493.6919863449
630,19239.738635678194
600733,-81318.91745182742
600252,
600131,
759,
812,-127563.93869351732
600167,
600156,-113453.55128173552
2746,-131629.34580928297
600866,-119023.21211889846
600232,-143062.6484289362
2263,-138509.2357848798
600091,-131674.98053399887
603663,-106822.84596837824
423,
600118,
877,-36837.421734774805
603019,
600136,
600127,-109116.46630556259
200012,-120508.83637804711
932,-147741.94880522293
600860,-105692.68473088904
200017,-128719.99996488389
600,
2077,
200011,
600225,
681,
900907,-137130.99862672627
795,-98455.7005951984
88,
777,-127141.51234813828
600189,-123036.97124371926
2098,
416,
600346,571418.5856602304
78,
600773,
600072,
603186,
600598,20464.298285615427
59,-37943.688961032865
401,6028.3270163018315
913,-132566.43991778803
603311,-100816.50143847134
300748,
761,-141645.63978006336
600456,-59913.90465681488
601038,-113994.89820619297
600522,
601800,
600106,
600748,
600825,
429,
601618,
601066,
2144,-128769.58377687991
600192,
601117,
926,
600239,
2946,-115285.31992417312
68,
600007,
791,
600959,
2863,-119916.24886168662
600969,
600368,
600149,
980,-134223.122374273
600121,-140799.87625664106
600281,-123256.25781406749
600307,-143701.78343495927
600399,-115735.78749465873
600835,-47714.31173835622
600818,-125079.91005035046
600461,
200016,
600382,
600826,
601658,
43,
1914,
779,
300682,
848,-88486.27752794734
600527,-93064.342310345
300798,-140469.74875282025
603676,
600023,
905,
300597,
600132,-33922.77514657733
300556,
920,-119726.60533942025
755,
603628,
2961,
603477,-126522.90833269898
2145,-105933.26353926386
600231,-133018.32339959312
600234,
600076,-92866.89733205995
600416,-137376.92906172405
600071,
421,
600552,
600756,
600015,
600053,
200541,
300746,
780,-143337.75698605957
2085,-150824.6756884798
600354,-127200.84199035761
600381,-122503.62304380885
600543,-134692.60748591984
600218,-125341.23823835263
2262,
600502,
2174,
600306,
600814,
2159,
409,
868,-125185.7968568929
2221,
600199,-88653.74897894551
601106,212955.4553280431
603956,-133563.5342911535
739,
788,
600242,
958,
600052,
600497,-10225.903325012885
600482,451946.1300045621
2752,-151817.15817686624
793,
600251,-104926.89513481516
600160,95338.05354154808
2048,-86145.74347861462
600113,
600151,
963,
600095,-94727.21070991197
600737,64439.26414784277
931,
908,
600419,-133212.64839160943
2461,-84619.49894842318
955,-114256.12756127921
723,150537.01420641952
2805,-135538.9781465838
600078,-93048.01847697733
600746,-143755.72917489987
600844,-124256.40132116755
600117,-101542.21028823286
600765,-108468.8851570758
600843,-120391.57293871354
600741,-16007.085322979488
603166,-104581.4422534225
566,
600021,
2063,
417,
600857,
600865,
601998,
863,
600158,
600708,
600724,
601127,-75534.15074343019
2129,
603032,
568,275834.8446147131
2736,
688009,-188410.34565863045
600358,
600258,
601918,-91257.75056470526
426,-95609.57911168065
603609,-100271.78467764094
619,-108082.06753180636
600726,
498,
600769,
600004,
159,
783,
600217,-108446.76077556467
860,235778.93595096347
422,-107366.17716271576
598,
600317,
300775,-96663.34206793003
600448,-126037.98652331939
806,
886,
786,20048.316341207246
603117,
957,-120316.46951890318
603530,
600887,-287316.5403297373
697,-99235.63800891407
567,
600545,-133877.83527250148
2102,
603797,
2039,
912,-119885.62750910217
622,-90407.52941712321
600198,
600713,
428,
601118,-11555.858568321506
600397,-139772.25795800317
2198,
826,
600395,-106658.0647645496
600740,-63899.80478345453
600409,-52208.0636886666
2110,24575.106442787568
960,81127.09971156943
600592,-113613.94372656272
927,-42998.247934126455
600679,-119539.30889560214
600537,
590,
600211,
40,
767,
600396,
600868,
407,
600333,
600283,
2061,
600068,
600463,
600846,
520,
300698,
96,
600335,
600861,
600696,
415,
571,
600212,
600153,
600054,
2066,-119159.34661427393
603959,
600086,
601975,
600083,
600108,-131296.27895794707
300777,-156593.61433179848
600516,94830.56408692175
2826,
900902,
603321,-135903.99953482902
2843,-127118.89719451733
600202,
2058,
419,
603787,-130117.3303836927
600099,-96229.78629895615
600731,-127108.6509741439
2774,-145417.66592308306
966,
600747,
300539,-129661.52917781337
2013,-25286.69783748343
600797,
603067,-101843.37156903895
601900,
600184,-142935.35832502248
601015,-100473.41953322895
600063,-121306.56211573018
768,1123365.4969327666
691,
600895,
600080,
727,
2219,
155,
600279,
600764,
158,
600369,
69,
600743,
757,
2054,-113715.04445438497
600421,-132937.3517196834
901,-138213.27322681126
2882,
2806,
600694,
600712,
600061,
603668,-139389.97047072736
600096,-82560.44299673363
603386,
895,27585.773272318125
910,-107392.22824242558
300803,
600278,
600901,
600532,-131929.72646370323
600197,-22429.332415352488
878,-10217.917980992235
650,
600919,
973,-61922.321623715834
600426,-93296.21230482555
600727,-111403.44435456888
600195,
928,
413,
600060,
524,
600576,
600313,-113158.619808232
576,-123448.30035851852
600517,
600789,
687,
46,
818,1127.9469120812428
2848,
2939,
782,-111557.34102013812
300589,-118286.69618473377
600022,16628.27058170503
2082,-138667.57251070175
625,836593.5132913609
600020,
600280,
2803,
600600,289294.3603704871
600213,-107746.01238505614
513,
883,
600116,
600193,
89,
600291,
686,
573,
2046,-126931.8709956398
600495,-104369.33013671217
601789,
600209,
2079,
698,-105460.03187520278
600172,-137740.96400754293
890,-122213.90493825282
600984,-100521.49581050695
600299,
600236,
600009,
600909,
600235,-104002.69561585595
600135,-105969.5613483753
534,
2036,
2915,-152364.08100637508
601368,
300460,
603977,-133694.7430967805
603688,-148616.2543456204
600126,10519.322557041247
600798,
601939,
718,
603655,-139126.3784265675
600282,-31788.504839406785
600166,-117107.61727519766
737,-109351.47912567719
611,-131642.59172381143
903,-132106.36152678504
600704,
983,-74060.14640836843
600597,6714.312346607272
930,-144954.584135552
2125,-138086.85446606373
600507,14859.202536280325
600867,
600767,
603003,
601555,
600675,
600683,
603026,-82663.16363286648
300772,-147252.21884302347
603318,-23172.186566690303
600222,
900903,
600075,-98110.11342543937
300593,
600171,
2855,
2840,-131614.45197920513
300662,
600980,
600138,
830,-135269.2104844901
600378,-134842.20071208206
603638,22223.584070793353
603766,-95687.86103523777
66,
600784,
600256,152748.52324615745
975,-148785.33799312345
600458,-120378.8342877504
2092,-94853.1830451341
601600,-39502.71424458473
600468,
600824,
600716,
2103,
600805,
600097,-124124.09527019606
600122,
2015,
601866,
967,
300528,
300527,6652.403509972413
2037,-130232.27273754479
600033,
603128,
600363,
600540,-117083.38760824007
600403,-37718.87911204746
600170,
600978,-106399.80453514309
887,-20867.584824268182
572,-74672.61152817463
600698,-122034.81476726552
597,
601991,
600323,
2083,-67302.31453561092
600963,-122161.15850524312
600062,
600538,
600811,
2064,-150976.9793978357
600449,-125133.92376460362
603100,
797,
685,
603603,
713,-97762.06330818482
600486,-82529.91977644167
603879,-144105.06262836713
603633,
601001,-91259.11514603448
888,
600128,
600790,
603826,-108661.39929783119
600819,-116356.27982643596
600569,-125703.2192265733
612,-118148.08447373318
600459,-90871.00247394905
800,-154902.0967944756
600520,
2747,
600750,
600891,
2214,
600723,
600223,
600246,
430,
58,
603718,
63,
601881,
300364,
922,
603316,
600201,
603323,
603036,-107028.6021779532
600125,
601858,
2770,-143346.07406099938
2076,
720,
978,
600039,
300493,
601058,-50608.422057097094
600326,-106886.38394119832
603159,-113549.74316460792
300455,
2116,
600782,-83325.09211273948
2009,-122883.04050535316
603111,-117551.64565467699
2813,
762,-132211.34714469803
876,-283986.4617777203
523,-85602.77513351219
603283,-44545.59915136143
2033,
300492,
600168,
300655,-125786.16460260922
603882,
899,
2246,-124162.4079983118
600719,
601139,
600684,
600423,-75987.04330342013
600539,-123279.79619422229
2160,-141404.54114409426
600893,-95068.79230083461
601158,
2238,
600718,
631,
600890,
420,-130396.19481439705
688108,-121810.30728223421
601838,
750,
600467,-133733.57957477798
600275,-122951.75672952365
600997,-64333.41218394687
881,-112506.57464871448
600389,-72638.31907112793
600490,-133503.90468610782
600178,-118313.53294361354
600129,
600557,
600851,
600509,
2025,
601929,
918,
300401,-98550.90838122158
600186,-109698.67275221372
603009,-101145.47675578971
600104,552265.3848717436
600056,
603501,
600241,
753,
2012,-131647.80448618013
2895,-146902.91594552068
600325,
300599,-137951.18901694275
600094,
603721,
702,-114701.92562457279
600365,-124354.15936581985
603196,-131672.4490604935
600085,
690,
885,
600575,
600356,-147305.4651509421
839,
600305,-126364.21052684577
600105,
601811,
601899,21755.672855785582
300431,
600196,
673,
300634,
601020,-86623.58018074698
2722,-126817.07582918591
2941,
600584,
529,-120254.66588920215
600987,-134214.5087110816
600388,57655.47429009472
600526,-87374.15110871373
738,294568.1797196317
600967,-61408.44955095567
623,
600227,
600207,
600562,
600981,
728,
603598,
603707,
2743,-124660.242192712
603829,
766,
798,-118663.51334432476
600481,
603189,
603085,-132308.4324629287
300663,
600339,-149086.55884652573
600702,-111395.99012078403
600372,-154484.47086501718
300480,
2761,
712,
2053,-137198.8775238026
600596,-94495.40889497614
2030,
600036,
2670,
600340,
2002,-65345.624969521
603966,-136254.0624491617
729,-125451.78432262347
600531,-97694.30643330807
2031,-61129.60693843143
603687,-137406.97066871013
600734,
603222,
601077,
2003,-119386.1195483556
603648,
603,-93715.75942235287
600581,-31800.117111632804
601989,-39733.75373572466
600690,
2050,-198969.8075756551
600428,
300632,
600400,-132427.12749509205
2068,-100529.49637263076
600992,-139166.87910017875
2691,-77206.75245003535
2051,
751,-135149.02054179495
2040,
600159,
2967,
600573,-116122.41255886492
2029,-105596.1121797535
2910,-135393.5438066328
2909,-140477.73664910797
2196,-63780.033631550774
2086,-143362.02912138228
2755,
2181,
600438,237623.56992562057
933,-113911.75082104921
600558,-123121.27725476693
300626,
970,
715,
2016,
609,
600110,-117331.12945522161
603178,-125979.59666563608
600970,
2766,
603859,
600081,-111237.48665795798
600120,
2738,
2782,
600703,
2908,
603855,-89815.01925501507
707,-126408.77888885612
300400,-76470.63018040864
600525,
601231,
600370,-135707.30582797749
603536,-125869.93657196886
300697,-137575.88137495908
821,311427.9963867869
600237,
300759,
2765,-106970.3172321711
603488,
600248,
150,
2094,-95457.29559865997
2205,-138718.7155787201
2800,
2808,-120757.29402662885
977,
600593,
300654,
929,-111630.38249794925
300503,-135373.50017858736
2006,-95662.31842600688
603557,-98483.8642871535
603838,-136553.77228170435
796,
828,
600200,
717,-48056.74070389359
300657,
2243,-119454.9576630552
151,
603389,-123663.24951928637
2222,
2210,
949,-111985.28971850645
603399,-102810.45702223553
600973,
600566,
600353,
603881,
2500,
615,
603229,
733,
937,47353.859661921364
603289,-128946.91911903565
532,
600084,-134443.75593357685
600210,-129124.47568493524
300459,
600064,
2207,-120020.54754954432
600038,272964.82493946014
300678,
603220,
2966,
603697,-139961.55152488913
600098,
603689,
603133,
600328,-102233.52872591623
603612,-122373.78509646637
2074,
600513,
2055,
682,
600770,
603848,-142344.89879879105
2178,
603601,-115860.67653689536
70,
601179,
600361,
601328,
300461,-109062.53228092323
600268,
603286,-114204.14433326297
600011,
600736,
600088,
758,-132957.00897118333
603997,-129494.05707247162
2799,-118264.27662505927
600757,
900908,-146929.1270951205
601577,
600872,-78608.5340005586
799,-80735.57357659623
300684,-153016.8751274023
600500,-137421.86650818124
60,-122438.09450916835
2132,-142998.21964009776
2689,-137450.37303638738
600262,-126282.75221530811
600501,-116020.68293227395
600960,-125729.77755464966
2035,
600854,
90,
2600,
2091,
600859,
601099,
600240,
600233,
2084,-135437.06046889504
603660,
600563,
600093,
603936,
2730,-127907.41939896175
2136,-104355.98704537915
600420,
2113,
2836,-137734.1884548139
600107,-126500.64401644094
600744,
300671,
300609,
600250,
2147,
948,
600338,-5645.58529529153
2163,
601666,-117598.43078054773
600742,-119046.68870625044
300332,
1965,
600345,
600348,-124874.44373036479
2164,-141829.82332958133
925,-70311.00697291714
601965,-85612.92401229432
603606,
2332,
600995,
601000,
300542,
603300,
2827,-103203.20203966803
300576,-129061.99560283378
600572,
600455,
300420,-110553.5153161305
300629,-125260.68102478235
603308,-127902.19936231863
600580,
2134,
600100,
996,
600739,
2816,-129019.79837464131
601177,-110544.13463487418
600405,
936,-116371.60631363322
600595,-139867.56356006893
600285,
600293,
600533,
2760,-146010.4376039085
2898,
603223,
2846,-139833.0715877471
985,-108503.74962627693
300727,-128599.554442009
300711,
300606,-138610.4144509521
300674,
300730,
603615,-131368.20217683841
2126,-93970.95516317112
638,
61,
2877,
919,
603157,-123341.19046338982
600360,
2104,
600266,
999,
603327,
601878,
2231,
300514,
603090,-134944.81949909034
300390,
600758,-116506.67325448783
596,-185702.95637634865
2149,-100740.66106111332
601919,
300672,
603016,
601997,
2778,-128958.47317317479
39,-96560.3174523856
603861,
636,
600352,210052.00856379583
2141,
816,-140160.83758146217
600058,
2930,
600206,-77845.10268814064
600055,-98299.56635557828
600436,
2893,
603088,-108893.53073084721
300515,
2307,
300506,
600311,-119062.71162876963
982,-90199.69723793029
601,
2047,
300621,
600986,
2014,-98060.12514448515
603912,-126521.59055796257
2089,
2026,-111359.00661913179
300680,-119257.3212456892
976,-131591.56139169793
981,-124698.16131530782
600503,
708,-151546.10631727608
2111,-134240.4069710331
2270,
2673,
603021,-127297.58985712336
300598,
603269,-122616.99821241853
603819,
300565,
688138,
300692,
603667,-131602.68038689828
600303,-123430.14964928888
300475,
661,
688098,
600310,
600897,
2199,
601928,
603101,
2156,
601366,
600059,-123434.05026893341
300563,
731,-92110.61606535211
300446,-142965.8547315819
600277,-23615.664780796273
2724,
300664,
600257,-106056.23078973716
600728,
2167,-105514.83362595708
600996,
600977,
603617,-135725.4738793333
603029,-87926.52843021751
300486,-115277.88555673175
600226,-124765.67425170064
2881,
300647,
2888,
603818,-105318.03941745314
2080,-50868.41992878722
600008,
156,
300722,
600330,
600508,-93251.9291822366
601636,-12653.160645774653
601992,-102448.65164110594
600560,-135989.48760303415
989,
300239,
603693,
600288,
603123,
2423,
600292,
603916,-93455.52423302227
300649,
2865,-130624.33258582497
300536,
300413,
600302,1022315.1286503999
600988,-96785.83930678618
2158,-102488.65030528547
601186,
601238,101938.50070670346
300490,
688389,-122006.46034334807
600336,
600550,
300481,-139350.71608199598
300421,-126517.4488498731
2847,-135224.589256326
603958,-115206.9427687882
2115,
600315,-160392.7583261553
600722,-131945.41993351997
600331,-125493.66638368399
2062,
603098,
917,
601198,
603027,-118375.46534953393
300537,-111274.71907753337
600975,-65539.41818131642
600319,-116298.12210537966
2008,247519.2060341731
600587,-140430.4841181197
2142,
603055,-139419.02656950284
709,262770.90855095256
2735,-121285.98161507642
603499,-142942.86205785762
603360,-123935.7047517144
400,
2192,
300586,-150385.22949439948
603333,
627,
603336,-104787.50157083255
2169,
601952,-132493.93117903674
2239,-69205.76561795005
603683,-134031.24509071044
2224,-143657.87950688862
2096,-127519.51912037424
628,
300686,
962,-124454.96843988153
600219,5073.464257331623
300605,
600327,
2127,
300640,
2780,
600383,
603679,
2232,
603528,
2926,
2223,205814.6542005767
600261,
600260,
600528,74765.88039490717
603987,-86912.989737261
2298,
300350,
603918,
600215,
603960,-51717.060931316344
2802,-124721.15377176077
603906,-136746.4313543856
2118,
600586,-128370.18648150969
600869,
603937,-119331.26375663374
300580,-101548.23279345557
600583,125487.10911456059
2004,-78469.72199264115
2677,
2135,
600435,
600556,
600272,
603331,
603725,-130826.73515831462
603938,-134998.83501737105
603045,
601512,
900904,
603990,
600568,
300578,
600392,-82440.16072425968
600066,1087685.2047177446
603999,
2726,-26218.71316826006
603982,-119024.71133469732
600990,
2128,-97130.55705298677
603608,-135872.66965485658
2824,-143951.919429194
778,-47669.779984374385
2248,-123963.74036382444
600320,-13428.913153007423
2112,
600332,
539,
679,
600297,
603580,-142903.99449317294
300441,-133554.2178153039
601155,
300622,
300391,
603030,
300585,-129325.2736264107
603326,-142344.70701073235
603903,
300694,-134437.77942912627
2166,
990,21449.41410022904
600589,-128870.04906474848
2190,-46390.47171006347
600375,-119516.2501588563
600418,-113546.02236734128
600577,
2810,-127700.61749345128
2010,
600386,
603320,-133940.45668039515
2021,-132206.4858286727
603006,-118954.21379623677
2951,-129706.1956841966
300604,2059.4317490320536
2937,
603863,-132058.815224471
2215,-126392.12255961742
300737,-114965.51369231373
300706,
600398,-176522.88190815825
921,
600971,-128554.72589376409
2685,-123404.9824409132
300735,
603138,
601599,-137680.84373548505
2599,-147031.42044705496
603681,-129363.42830087189
600114,-107816.27674084519
2598,-115845.0423925103
2097,-41118.880695403524
8,33602.79883779181
2451,
600329,
507,
300242,
600626,
600738,
600000,
601377,
600599,
6,
601226,
5,
300422,
600603,
2274,-97696.23321179682
300637,-127891.27638080953
2233,-10341.473318706907
2864,
600958,
300517,
603060,
2020,
300520,
601003,-66736.22446842684
603390,
2188,
2114,-112950.61745356464
603131,-130295.8568457795
603696,-141485.55416113033
2652,-128913.28113499294
2093,
2659,
2833,-128397.18227582137
603928,-135125.01173304563
2732,-130368.21846703016
300665,-142364.67854666995
300469,
2228,-124313.61596058574
603886,-101407.32215903388
2108,-104592.18609836239
2170,-122166.18609581966
2715,-52891.22113841068
601019,
2825,-138463.94156957258
603813,
603115,
603739,-140077.72575465564
2201,-107262.51086331098
603339,-130183.77913941584
601595,
99,
300464,
300805,
603356,-141093.28695684043
600485,
603600,-93723.71062794674
600422,
2120,
541,
2822,
601828,
2124,-17740.29041157328
300505,-144617.41070156798
300466,
600466,
2857,
300560,
600300,-94933.1932166989
2117,-110423.93298948712
603788,-118738.23814364032
603050,
300423,
2137,
601969,-87724.87375508336
603559,
603915,-140212.10565013933
603181,-134214.29026303417
300705,
600366,
603678,
600406,
600439,-102198.49806074952
600376,
603081,-114725.71539299366
2017,
603165,-144076.30647054198
2272,-132082.95223513368
603035,792030.4748319066
603357,
603053,
900,
300638,
2255,-111484.6929207471
603319,-122730.60098070072
300427,
2751,-127226.56312410464
2139,
300491,
2211,-101131.74824197177
300700,-126055.35899395349
2195,
300526,5990.47308930158
2705,
600546,
2949,
2250,-128650.63321644173
2953,
603996,
300437,-132495.64838011167
603329,
2721,
2185,
603909,
600287,
2027,
2798,-154058.14586620405
300610,-140979.65177905405
300434,
2267,
603555,-113197.69541627498
603823,-133517.01537533014
2056,
603015,
2682,
2234,-61365.52944581352
603991,-139603.81524916866
300477,
2797,
601098,
2858,
603380,
600755,
2734,-125607.34567878107
2786,-113759.06220669308
300641,-131769.2039288415
300667,
603106,
300688,
603315,-125589.1906501771
2204,-68564.21454612372
2182,-126275.32658191914
300410,-74744.65782227824
2218,
2109,-115159.12796467108
2297,-114522.97219798781
601028,-107731.81770280757
603758,-120550.03539444406
300529,-121963.8822432591
2045,
300241,
600776,
42,
2133,
2107,
2100,72636.16363688416
600884,
603856,-133959.63299219715
2486,-95514.57822069518
2235,
600177,-30373.372872081818
600143,-44010.30314748548
300670,
603919,-76969.27827885757
603800,-98205.6905608917
603790,-132208.553953628
300619,-97205.259090359
601699,-161680.90314465336
2088,-130889.22661687832
300280,-120410.50287170232
300669,-138921.59161147883
601798,-116319.81488336845
2668,
300317,
2121,
600269,
603167,
2655,
601009,
600933,-121592.82678224082
900909,-140105.33346367138
300479,
2950,-139432.74545282774
300808,
300236,-132299.1641312938
300541,
2157,-53617.600681914395
2175,
603577,-136962.59748199477
2119,
600536,
300584,
300290,
603345,-77408.02561061404
600989,-176491.05132992446
2022,
300726,
2862,-141841.26829850688
2203,207230.56409362477
603025,
678,-133445.2848933753
2625,-153520.04679500416
603885,
603767,-90844.38216644865
300399,
600966,-114814.94528769817
600487,
2636,
2624,
603789,-80399.06778480932
603728,
300768,
603722,-136294.66148262104
600477,
600488,
300699,54986.940089476324
603305,-136842.1355559816
300521,-133214.27647613653
603042,
300465,
300806,-126744.63103608425
603713,
603568,
600309,-49763.208141743904
2197,-94061.68554593925
300596,-97033.54841385974
2173,
300725,-111849.49349249157
603703,
603616,-130782.78306788168
2787,-125827.64666411106
601689,-116481.41930663312
600249,-127443.37997145901
601108,
300483,-108256.26021835287
300472,-129475.5042102624
2217,
2186,
62,
2101,-41814.67749970556
2842,-131771.96449456422
2011,-125268.55697273769
300620,
2777,
300416,
300630,
2972,
2282,-115412.4253194052
2276,
300272,
993,
603896,
2921,-128451.85704595814
2901,-147805.98803311735
2099,
300780,-133991.9185470489
600549,-42500.10587823781
600460,
600976,
2856,
603089,-114958.15408611087
2917,-122300.49046907139
300745,-99472.37728356903
603618,
603268,-129680.18529650921
2171,-30685.340658262343
603367,
603007,
603013,-138971.71413272747
603777,
300424,-119286.7937063099
300525,
2187,
603010,-147308.35292177484
603669,
603031,
300653,-108460.4963243304
603880,
603726,-123924.52006456544
300513,
300720,
2896,-136837.5743262005
938,
300548,
603822,-138931.58399913413
600051,
601888,
603121,-130496.68006698415
603198,-34205.952405255724
2176,
601116,
600016,
300355,
601801,
2287,
300712,
600267,
880,-116144.15190550631
600298,-19172.527337872772
2708,-87432.6243991998
2023,-124770.43140095907
300106,-131331.95732547273
2729,
2731,
300530,-143171.6863326611
603118,
2793,-134067.04168949657
300611,-119177.89823047137
300631,-121818.92823375764
600220,-105445.86831845876
600308,-131396.78558900926
600276,
603322,
2679,-104107.96898857574
2674,-121401.73519622363
2669,-104293.07588082671
300234,-135647.100027427
600255,-107383.7008746604
300362,-150709.5449068994
2038,
2530,
300292,
2462,
2264,
600641,
2034,
2654,
2828,-132363.9649499252
2759,
300571,
603306,-128335.03837490125
2849,
603199,
2165,-128642.0974168409
603388,
2288,
2779,-73327.81025939884
2268,
300444,
692,
603887,
300716,-128727.5719746071
300388,
2596,-86611.42195434295
603520,
2851,
600529,17924.79011762538
2151,
300719,-120544.67585152935
300519,
2727,
2032,45370.53337506519
300749,-135097.19715773902
300552,
603578,-107625.07738468607
600321,-120978.77139414604
300510,
2305,
2741,-124545.51114903415
603650,-145028.5198930914
2354,
2835,
300645,
2931,-108209.78947207163
603277,-148320.18487562228
300635,
601360,
300457,50182.269307079
2922,
603066,
300618,-16397.8036231352
600312,
603970,
300551,-125716.8948341384
600582,-130707.27629884241
2681,
2155,-47519.015231834
603008,-87140.19345862008
2442,-127661.28581594255
2584,-128140.40489492382
300715,-117161.13985267143
300327,
601169,
2468,
603127,
603698,
300550,
2256,-124768.25897074066
2919,-137775.6931473913
2019,
600518,
603963,
2154,-103987.91372061061
2226,-135143.90573139003
600367,-108264.22943216306
2230,
603298,-28496.357756265294
688166,
300458,
157,-53172.40820686455
2890,-123702.7380746263
300627,
2903,-121736.03036600993
2771,
300328,-116196.84201537163
300411,-115780.24230853937
2698,-128444.9430728565
2081,
2647,
2252,
300659,
300453,-109826.07397408513
300404,
2593,-134726.6721649475
300230,-157118.20156816946
300733,-120207.9908443314
2184,
300447,
603041,-114562.90184261379
2146,
603378,-141342.8240672022
2757,-47746.01443316878
2889,
2796,-112673.09346585066
998,-156658.69864933606
601966,329882.5223670147
300227,
2772,-120516.2854509954
300313,-135516.86350192042
2694,-132432.3327972116
2295,-132349.0408403327
2378,-127334.35944089036
601388,-114748.87847604664
601633,-108862.9442216483
300341,
300254,
300289,
2627,
2618,
600998,
603595,
603110,-127382.60206366124
300504,
2193,-132145.44734486687
300766,
603706,
600337,
2763,-126874.69597697048
600446,
300701,
603899,183066.7408996548
2733,
603500,-117254.83770538101
2330,-99390.16503857527
603043,-75712.47958124061
601515,-15603.31595732231
600175,
300374,-130210.78756848267
300509,-109415.51302362989
2886,-140026.79892970767
300731,-134008.3473669889
603023,
603385,-134668.558951693
603527,-130246.86271697088
2161,
300284,
603238,-139798.52479824435
2781,
300415,-90836.26535044383
300579,
603063,
300531,
603113,-149359.96180378718
600760,525808.1322756645
2723,
600870,
2866,
2001,
300793,
603317,-123749.92797306123
601168,-122399.49907397325
601808,525629.3438333567
2678,-110813.16998537412
2427,-131556.71025661455
2613,-92286.90380307555
300545,-100358.06694420194
603701,
603992,-140083.66881884795
603876,-123654.17159568473
2753,-134476.9777644706
603279,-119971.04200335602
603012,102843.50980990363
603183,
300779,-120406.20638346135
603733,-137033.97129746582
601339,-70902.69926552236
300412,-126010.34934626444
603080,
2138,
2773,
603129,-106462.48804254916
300534,
300474,
603708,
300676,
2709,-110779.84772861541
603519,
2906,
2131,
2319,-138113.7780637861
300651,-133846.39705742418
688299,-144360.91471755417
603803,
300600,-125577.09787876475
2823,
603866,60151.72326763286
600530,
601138,
603969,-113780.96704278069
2177,-92424.21987636699
300572,
2420,-131484.25228962654
300685,
603637,
600571,
2229,-111763.39091667185
2817,
2180,
300557,
2911,
300650,
300335,
600048,
603398,-75306.18592008244
300432,-116153.0149903366
2150,-129557.81521699645
988,
2507,95424.82912781954
300110,
2811,
2426,
601996,-113816.93155743211
300021,-92288.27420276144
601113,-110792.79540753999
2633,-124614.77953949744
2283,-88927.56066175198
2728,
603179,-126428.99729326919
300456,
300451,
603421,
603538,
300553,
2095,
300587,-137250.57910740405
2902,
603496,
300724,
603711,-146106.08682351097
600499,-114805.20234151377
2090,
603917,-113432.78641157951
300717,-129920.55027818208
300796,-137733.34271622213
300462,-91167.75479744322
603900,
300795,
2266,
300322,
603022,-134964.2253124343
300406,
603976,
603798,-124196.91977587614
2942,-130941.15906073038
2716,-133337.16115688864
2227,
300615,
300094,-119344.53534580617
300265,
2962,
300689,
600926,
600594,
300693,
2683,-2136.4938987086352
300636,
2878,
600510,
2355,-95991.63522486204
601777,-112258.66344291765
2491,
2065,
2609,
603158,-79070.27942155425
603139,
603658,
603266,-131115.7519324672
603717,
603825,
300783,
2206,-135436.98645494238
600535,
300743,
300428,-130796.23683674663
300385,-118864.3348221545
300435,
300414,
300710,
2253,
858,5489972.641836643
2927,
2471,
300602,
300487,-119662.09601272739
300478,-117739.00981633924
2172,-119603.71982880963
2795,-127957.52323072478
603998,
300582,
300788,
603686,1655330.5130143054
603878,-135493.3940342808
300438,
2767,
603988,
603039,
603515,
300566,
603636,
300452,
2453,
2357,
969,-29766.872036923014
600316,-62564.75094687614
300554,-132051.8100190552
600390,
2629,-129307.68967494079
603429,-138877.6250624502
2470,-108017.74547379019
2302,-127482.96761534734
688122,-144643.52402527962
300318,-104334.5208235216
2366,-129003.43009983328
2692,
2388,
300229,
300287,
300311,
300330,
300549,-114302.09241227746
603083,
603920,
603079,-115382.02308471654
300707,-112696.36069810369
603596,-128685.09993046171
2957,-146682.83939794858
2212,
603613,
603535,
2578,-100861.98814607502
603602,
2524,
2868,
300425,-113556.43837750741
603348,-131321.1117125192
603955,
2838,-136657.42356795698
2273,
300319,
603278,-133469.45587747995
603328,
603967,
300497,
603605,-137069.69397341297
2386,-141121.84563392866
2725,-107419.43324079526
2261,
2748,-127960.4277786449
2871,-137392.77939685897
603309,-57738.03517020492
300555,
603313,-139907.99657458242
603456,
603569,
603103,
2891,-143465.59082590512
2611,
601369,
2435,
600037,
2464,
300499,
603566,
688139,-95550.66160556338
2885,
600570,
600521,
600031,774911.2552995593
2590,-119901.51344004014
300279,
300013,
300656,
2208,
603258,
603860,
300562,-99235.63048857989
2883,
603755,-129939.68851615491
2240,-126999.26545931376
2130,
300476,
300648,
2007,
603811,
300448,
2676,-143922.49307236946
300753,-121953.42787497677
600565,
603901,-89697.7525861733
300538,
300652,-111934.22811474265
2289,
997,
300429,-116315.45310205664
603737,14149.36053240078
2278,-126653.00460944939
300691,
601166,
2845,
2646,-135031.0563500498
603589,71283.84498318931
603365,-143378.87538656342
300243,-110355.36295494525
688116,-125812.51881611656
2547,-109035.97769934905
2686,-131072.3920767693
300092,-121710.8569578245
2664,-97908.40647427761
2473,
2527,
2610,
300247,
2370,
2644,
300482,
2504,
2492,
2052,
2281,
2463,
2587,
300219,
300296,
600130,
300297,
300299,
300315,
2561,
603037,-110331.84451917905
603607,-125982.82502538364
2899,-119873.48802258339
2247,
300729,-147282.77935054371
2258,-131662.86348280992
2938,
300417,
603517,-72881.93236279677
603599,-132981.0888207687
600993,
603738,
300612,
300498,41190.54555163684
2619,
300608,
688015,-116646.41224037475
600355,
603927,
2179,
300093,-143619.9337839774
300252,
603506,
300176,-99679.64438605378
300762,
603867,-140017.41820725103
2815,
603768,-127806.53953553745
300532,
2024,
603908,-131292.8369487345
2245,
600555,
603377,
603883,
300393,
603040,-134902.78382384634
300405,-135473.6695278498
2028,
2740,-111284.42361487802
2200,-117556.27368629545
603203,-115363.77853466605
300006,
300264,
603659,
2830,
300781,
300624,
300278,-118133.35359007244
603466,
601958,-159258.76978990395
2790,-120187.30980448553
2820,-129484.04544696296
603700,
300540,-132789.04463229806
2041,-144790.83813155192
601857,1409509.4285779959
2078,221180.1747267997
300721,-142755.18205705934
603161,-119261.26954493308
603839,-134585.547670093
2478,-109168.1785862006
300334,-3305.025458938733
300755,
600295,-146617.78319601624
300111,
725,
300344,
300511,-124311.06011084806
2314,
601898,-158899.55399828724
2569,-132897.73114078227
2152,-177774.89021389617
603369,22506.462456774956
2775,
2321,-127439.92610873174
2359,
300325,-125284.9017004528
2361,-125051.22825556707
2666,-127739.81891690401
2553,-126211.16584735438
2630,-125710.44900308993
300090,-142079.36625847052
2690,-27098.93972192997
2606,
300342,
300009,
2579,
300053,
300310,
603108,
2923,
300723,
2220,-131371.48654946432
2875,-140450.7206051852
600491,
300175,-142124.00207599517
2592,-128868.3212929276
600410,
603979,-102024.7331078062
603980,-111921.57560513451
300345,-123951.33750477269
603828,
300282,
2861,
688066,
300409,-104798.96019478323
2271,160951.6104057118
2960,
603200,
688218,
300112,
300681,
2768,-108474.00225867792
603077,-132403.34823704208
2510,-119067.40004001732
688007,
300249,
603922,-100975.41312913595
603033,-115509.6440875627
603226,-134267.36815825466
300489,-114206.35506481015
2892,
300559,
300558,
2943,-144031.38212537265
603086,-122465.58361281092
2829,
603699,-82033.74188719854
603897,
300807,
603116,-124690.5746540344
603337,-132177.25971837068
300022,
300449,
601229,
2191,-46233.71783176792
726,-114088.48269217776
2616,
2446,
603416,
300016,
603889,-149286.84172649425
2372,-42482.576490126754
300267,
2291,-141317.81637107872
2641,-134117.2430911564
300218,-134828.3755445844
300221,-122193.11243609035
601011,-52860.495984535024
2615,-130772.37365451903
2529,-133522.94183575356
2430,-111231.32683106091
2490,-118750.57624734042
2363,-31044.990595594878
2594,-103164.53170833283
2837,-129029.53063483717
2617,
300014,
601222,
2688,
2413,
300127,
2148,
300010,
300300,
300061,
300262,
2879,
300644,-136559.24228195945
603868,
2758,
2900,
2634,-127792.65675089331
300494,
603232,
300366,
300445,
300398,-133261.5060991398
300738,
601021,
300790,
300029,-133025.44834978413
300356,
603359,
603330,-118482.00540242899
2454,-55614.28514962988
300238,-63279.97046539374
2005,
603588,
600289,
688101,-78012.82222899685
2711,
603895,-128756.26132453483
603611,-125672.28355733381
300057,-92255.45992621942
603109,
603630,-138649.6725863032
300639,
300376,
2873,
300389,
603657,-152683.34866027947
300535,-134974.6622798091
2660,
300522,-134950.0322611117
300718,-124953.21801449136
300232,
300196,-108193.24949200693
2254,-138027.33600218577
601311,
300233,
603303,
603068,
2788,
300207,
2947,
300607,-120441.37156828927
300484,
300468,
2697,
300809,
300368,-122425.64021829197
2241,
688128,
2403,-142263.29342680617
2284,-119879.5004571582
153,
601199,
2316,
2445,
603626,-135161.64917001085
601628,
2123,
2306,
300430,
603778,
601678,-99503.9960294871
2576,
300032,
601616,
2581,
2586,
300594,-129837.99970310925
603383,
2841,
603355,
2706,
2876,
300395,-65650.28474419125
2168,
603808,-134237.68250476406
603005,
300442,-117826.6147020843
300736,
300767,-126637.01177418321
603558,-140534.88701932828
603629,-127286.060525798
300403,
300625,
2916,
300097,-142585.74508297935
2432,-104948.27384644774
2328,-118671.45989343672
2935,
300658,-137964.3988386196
603160,
603332,-135359.48780621687
603396,-127689.72235835745
603939,
2523,-128249.25204912733
300373,
2801,
603260,-93765.52461918954
300034,-103552.0197310673
603898,-112270.24985546882
300577,-152210.60678061214
300375,-131401.31458110738
603968,-125000.29989893394
2277,
603192,-130169.76597481617
300036,
300235,
300023,
300231,
603516,
300025,
2285,
603136,
603076,-95432.13196723419
601211,
300180,-88334.80730646534
2299,-52962.3655776661
2269,-120724.16068190492
300005,-132640.7570300026
300320,-128987.56378117969
2639,-113329.20668520883
2275,
2349,
300096,
2377,
2860,
603301,-90540.53807603843
300703,-136988.6121169176
603662,
603709,-136693.37390202694
2965,-133946.67594129447
2346,
2583,
300567,
2867,
603214,
2418,-114187.61938244235
300116,
869,-97489.04280057816
2301,-57106.41495791249
2575,-123788.74324514197
2326,-75069.98985745742
2455,-128815.65965698729
2591,-121495.01092652796
601208,-123468.38934900337
300337,-132688.9161857991
601677,-144247.8372713606
2552,-72342.6404670303
2526,-55405.93930614881
300273,-85492.7832682657
601717,-13195.048309936014
300314,-91323.73570379098
2662,-108146.15781106692
2622,
300283,
300203,
601567,
2653,
2693,
2140,
2628,
601886,
300240,
2106,
300301,
300308,
300323,
300331,
688002,
2417,
2517,
300020,
300245,
300312,
300348,
603000,
2589,
300184,
601010,
601688,
2344,
300269,
603518,-107914.81584501547
603486,
300357,
300508,
2329,-105710.41461392965
2516,-135040.326299822
300488,-137527.67172702673
2509,-115412.71590552622
2699,
603933,
603267,
300418,
300354,
2244,
601200,
2742,-134639.71019747498
688033,-119995.72204901799
300677,-94184.05340350301
300339,
603926,-128463.18373806975
2920,-132417.33898558194
688321,
300546,
2870,
2932,
603020,-110136.4576718413
338,1293627.3372517647
300387,-114332.05126073361
300108,
603188,-146438.78756778027
300089,-127690.49123650094
2484,
2421,
2658,
603983,-150719.3961677226
2286,-92253.90869565292
2300,
300570,
2928,
2897,
2460,61328.64566382638
603989,
300353,
300378,
488,-109407.45774608786
300121,-123429.73560598805
603727,-138832.89236079552
300752,
300512,-134441.82413197667
300100,-120344.0019885447
300500,
300668,
2905,
2661,-111441.4973227267
2605,-123429.48986317532
300329,-139114.21405617736
2671,-124577.07577424317
601012,-215789.355740083
300201,-35176.46929462797
2562,
2713,
300120,
300256,
600498,
300302,
603685,
688030,
601788,
300224,-48532.97012250834
2194,
603677,
300067,-117881.26286068001
300450,-140885.81896449518
2750,
300740,-134638.72638208026
601799,-105204.8900301461
603877,-132509.2734097625
300064,-127485.76501378471
2739,
603586,-124206.96708542592
603665,-132141.27700763347
300394,
300436,
300502,
300799,
2597,-110332.14913066784
603366,
2745,
2153,
603096,
300757,-121010.47120259741
2791,-150311.78822554275
300377,
2216,-109561.23394708023
300056,-129050.72416541459
688078,
2701,-109339.31473608558
603259,
300568,-118342.45465494573
300440,
2700,
2756,-80159.90543138135
2448,-102587.39809683061
2869,
603239,-111095.72112190168
603168,
300200,-122173.19174923658
300148,
300259,
300178,
603656,-139040.77236137495
300523,
2348,-139601.4653481803
2404,-121987.50251956523
601566,-113777.33192893458
2494,-125852.18532036892
2631,-120435.20479208376
300214,-124675.63996125884
300261,-126498.6995103155
2333,-106384.79913410169
2443,-131660.42776316605
2438,-128742.13987455433
2488,-35305.84524735401
300210,-141631.92699720725
300304,-121822.13246947467
2684,
2338,
300137,
300213,
2425,
2649,
2657,
300044,
300379,
600629,
300501,
300802,
300547,-111167.71022041202
601163,-113866.69774954044
300758,-130784.1018681033
2608,
300687,
688268,
300518,
603387,
300575,-136261.71817440787
300739,
2717,
300673,-136890.61289078128
300407,
2364,
2607,
2872,
300202,-93551.4485144541
300696,-117852.12733906049
603809,-87722.76878652263
300173,-103313.14304506854
300702,
603757,-140746.00025719762
300288,
2933,-54477.69079961926
2809,-131488.01956724562
2459,
2324,-129585.13580561464
2347,-120754.96380989265
601890,-91186.05400801837
601218,-114819.82620357716
2925,
300516,
603995,
300543,
2789,
2242,
300095,-75881.57545453243
2369,
2376,
603619,-124861.28279480762
300564,
2280,
300192,-108366.5113630752
300426,
603197,-123688.79645009534
300004,-117737.17095318041
2292,-18378.517841503257
2792,
300433,
2687,-112969.75504901362
300321,-128917.0719211713
2341,-115720.69071275802
2476,-102489.07762533086
2632,-105197.43269827729
300019,-97880.31527907017
300132,-131615.98447740456
2318,-128622.25304195369
2514,-109694.69709952435
601100,682566.04703106
601126,
2635,
2602,
300226,
300277,
300333,
600271,
600479,
2940,
2707,
603228,
2396,
601519,
601336,
603038,
603986,
300496,
2776,
300742,-127183.2186674035
300220,
300380,
2812,120206.79361337464
603801,-127101.8751468744
2818,
300181,
300244,
603567,
1979,
603556,
2963,
688198,
603890,
300001,
2374,
2308,
300595,-108049.30260154212
2696,-144775.89672072371
688089,
603218,-136877.39487984817
300069,
2929,
2360,-129069.90949238474
601877,
601933,
300189,-121780.14369190161
2458,-101653.67507928597
2548,-132561.82301707278
300174,-144562.62741161787
2342,-128048.04890073337
2595,-72128.25750853831
2350,
2508,
2638,
300088,
300017,
2505,
600605,
2621,
300397,
2714,160224.38388375845
603059,
603078,-148390.2682890858
300062,
300581,
2236,
688001,-128855.16279382602
603590,
300617,
300765,-144783.54020271075
600817,
300810,
603816,-134041.58977038212
603233,
300179,-118386.18154417175
688310,
300293,-156049.43623352997
600380,
2313,
688008,
603208,-134794.94505402015
2183,
2531,
300507,-127298.41328690904
603730,-134379.19325240218
603639,-121787.95456919793
300228,-140518.05627174117
688288,
2069,-124532.78545658088
300268,-134584.74939238836
2395,-78211.7256116048
2643,-151864.61551425824
601216,21574.628196574515
2457,-135367.25088164778
300185,-137410.3698597622
2667,-138673.52082822824
300030,-139484.57114044687
300246,-123470.05554359453
300258,-115433.76466994443
2535,-7700.528512745979
300281,-133641.09310483155
2651,-124168.71533499216
2339,
300208,
300294,
2499,
2296,
300114,
300303,
2439,
2642,
300250,
300352,
600639,
300071,
300336,
300363,
2880,
300750,
300172,
2712,
688010,
300170,
2303,-119755.18964882479
2719,-115942.53383130093
603810,-137023.97082911004
2549,
603001,-133123.13065174513
300276,-98220.12461330133
688003,-123360.43056436446
2249,
2405,
300237,
300211,
300012,
688022,-114112.42296722833
2580,
2411,
2479,
2640,
603297,
2452,
300217,
2237,-102060.9250827166
2554,-140624.50371336687
2568,-49062.203647666305
2762,-128016.31269471097
2538,-128544.5292057296
300285,136068.8460627184
2534,-88322.11650097684
300161,-135254.7867625823
2073,-49874.90146082408
2358,
2675,
300163,
300117,
2384,
2414,
2512,
2467,
300038,
300275,
300266,
300786,-113418.59219329222
2251,
300392,
300561,
2832,-100218.99774089806
688021,-118762.33364087
300811,
603368,
603507,
2401,
688258,
300193,-141160.27546873558
2485,-103268.89779486839
2406,-90896.31471447629
603729,
688005,
300763,
603393,
603225,-137330.41473865946
688028,-122534.71948023645
601869,
2968,
603585,-96413.25558746612
603776,
603786,-114502.32582231068
688118,
603716,
2749,-120570.54991287038
603985,-129791.88329072321
688037,
2336,
2567,-115700.44082203416
601233,-103869.44585660893
601137,-112499.09393245651
300260,-134750.32554435942
2645,-103941.73811765626
300007,
2325,
2387,
2279,
2331,
300324,
300338,
2367,-123847.64341610696
2293,-159804.49145955552
603806,101901.74579638493
688300,-149693.56823090624
300787,
300778,
2335,
688006,-152615.9876391397
300253,
300439,
603587,-146889.76855932781
300623,
603888,
2656,-126805.87541161396
2290,
300008,
603180,-122219.16418356645
300381,
300463,
2311,239748.0068884209
300225,-104335.01832850208
600608,-122848.6904611973
2472,-144642.2609089246
300255,
600642,
2449,
2373,
2544,
300085,
300168,
600648,
600663,
600665,
2398,
300149,
300015,
2718,
300343,
300091,-131413.40044151075
688388,
300785,
300590,
2769,
600662,
300027,
2312,-82952.2993093076
2783,-137028.68900996135
300473,-60483.71157390473
2571,-134256.01662134184
2560,
2475,
300063,
300419,
2408,-21945.51632020707
300123,-112198.75586329267
688088,
300049,-65551.1953930554
2447,
300037,-88541.5910860923
2702,-111809.43170739921
2444,-83690.99611996376
2122,-103863.13108810903
2483,-111635.33920744694
300003,316069.9645071541
300298,-102833.95364341684
2368,
2502,
688012,-162622.43507370545
300326,119005.21930071051
300103,
2884,-121578.7128644076
603583,
300761,-134839.7865109724
603458,
300408,
688068,
2564,
300396,-128016.66705446948
603338,316258.71890110045
601101,-79242.93424040619
2433,
2859,
300661,
603978,-142221.77516527995
603017,
2695,-80426.61096910495
300138,-103985.7244249141
2650,-129693.00126450253
2327,-138186.7609004813
2522,-131022.54691230391
2409,-100789.26095103762
300109,-124689.90374961382
2428,-136774.40252641795
2466,-53447.54224216944
2434,-129572.93133791281
2543,
300286,
2663,
2323,
2620,
2389,
2429,
2456,
2558,
300047,
300052,
300248,
601601,
600649,
300454,
300199,
2912,
300771,-135461.46346256166
300359,
2913,
300801,-131807.22068707904
300212,
2497,-147639.8031073958
300274,
2821,
300054,-133375.30053962462
300384,
300045,-108851.3311806205
300271,
2665,
300198,-100911.40732671783
2337,-90774.63899411619
300129,
2365,
300351,
300349,
300309,
600999,
2343,
2853,-126102.46815115419
2952,
603358,-116556.98029737672
2565,-90172.31549652718
2440,-99489.85309198109
2918,-90716.80209364457
600519,5176748.812672676
300141,
300136,
300495,
2375,
300443,-113666.84542592952
2340,-77270.4068041546
2495,-124163.58674773769
2381,-115879.3431020865
300169,-124836.36188606794
300072,-96998.37801106295
2550,
2574,
300101,
2352,
300690,-134713.8390788458
300018,
603187,-124130.04307315763
603018,
300222,
603379,-137957.82761522784
2518,
603680,-126544.33315706276
300065,
600647,
2532,-113508.32135689753
300683,
300150,
300084,-126578.23717019592
2379,-138850.0316765466
300263,-133764.53874323043
688333,-144712.71106432116
2371,679910.5765949397
300316,256479.36398510062
300040,
300068,
2390,
2345,
300386,
688123,
300773,
603773,
2351,
603508,-142405.62341513697
2320,
300467,
2533,
2546,
601318,
300058,
2539,-132957.40743999172
2469,
300147,
2515,-114144.95953681646
600636,-113608.50459424268
300126,-133459.26611357654
300151,-131211.97583712605
300051,
300295,
603185,-116029.45535740469
300048,
2959,
300209,
603666,-115080.74639875948
2603,
300470,-131615.55044140737
600614,-129611.83285986446
2385,-79212.55028396846
2626,-85450.62636558292
2612,-109257.69951787734
2588,-141802.871556838
300160,-121450.77294538097
2501,-105759.85826289194
601700,-79572.4290809445
2520,-106234.8442338717
300307,-70681.2808417598
2382,-144408.62488205757
600635,
2402,
300128,
300270,
2555,
600606,
300382,-59912.874838396994
688036,
300782,
603351,
300370,
300789,
300087,-142590.60955039432
2412,
2637,-84063.13845246885
2202,-27230.061705075816
2536,-112916.8358998112
2498,
300035,
300073,
2506,
300083,
300098,
300131,
300143,
300642,
300770,
300041,-86329.21405614885
300135,-111822.29301415832
2436,
2356,
2737,
2956,-126245.37162064255
600588,
2831,-74320.87751408214
2519,
601088,1685549.0607390553
300011,-57908.57814691735
2542,
2383,
2474,
300533,
2556,
2850,-160677.84553142558
300145,-71559.00364738684
300347,
300122,
600630,-114979.39510956126
2489,-95710.96933746996
2511,-146375.20685079697
300107,-146704.46968396212
2623,-102417.47295546153
2480,-139649.12929188932
300206,-104096.38215808367
300039,
2465,
2577,
2970,
300162,
300031,
600604,
688011,
300747,
300383,
300792,
300485,
300154,-112411.32015014195
688099,
300741,-159242.02816208111
2487,-139473.0270763031
300709,
300081,
300158,
300042,
2380,
300152,
688019,
2407,7534.846849136404
2545,-72801.55420399432
2481,-63688.46950261836
300024,78144.82453710726
2400,
300371,
2566,
2441,
300140,
2557,11843.411234272382
2648,64679.83540753572
2540,-142277.45652805266
2537,-126297.77503529131
2559,-131155.6374932316
300358,-126312.4211867431
300195,-2323.344533802767
300153,
2424,
600612,
300205,
2322,
300188,
600634,
2419,
1,
300187,
300713,
300583,
300059,
2541,-106479.34551812004
300369,
300046,
300732,
300183,
300191,-116275.17665592048
2521,-110288.32162671306
688202,
300569,
300769,-145787.033771808
300194,
603871,
2362,
2294,
2570,-111992.78414012262
300305,-124487.57422952016
2392,-109654.90022795435
601908,-116847.63252568072
300118,
2315,
600621,
2887,
688196,-149276.55655368647
300113,
2672,-140551.33845535043
300115,
2513,-115682.03895329776
300365,
688357,
300130,50184.32735532019
300080,-128398.28018164074
603489,
300223,
688025,
603236,
300043,
333,
603610,-128374.47130242977
603579,-117760.69676798793
2394,-133772.90505101197
300306,
2393,
2431,
300102,
2416,
601258,
2573,
300291,
688111,
2582,-104240.05596422713
2551,-142671.0046284592
2309,
688016,-100371.34585133172
688399,
300177,
2852,-136541.9439706716
688363,
600619,-108261.78953089433
2334,
300340,
600637,
300099,-119783.66174663075
2496,-132190.57658674853
300760,370763.4817406962
300066,
600611,
300155,
688369,
300134,
300367,
2437,
600601,
600652,
600622,
600645,
600620,
603833,-216567.77286787497
300660,
688039,
688358,
300800,
2397,-140232.29010641883
2391,-123435.66524629496
300164,-125746.11889132988
603288,1372394.909006553
300167,
600640,
2482,
2614,17086.237053800432
600650,
600624,
2955,
688029,-151293.30866820944
300204,
300251,
300033,
300105,
300144,
2493,167280.4653229816
2528,
300756,-142057.47445007626
688020,
600618,-122357.27535179257
300075,
603444,
300471,-98546.1673768841
300616,-108624.0993139866
300791,-132681.55078929683
603217,-128294.39013211022
2585,-141623.1270851936
2601,-103745.43847301582
600615,-125037.58441520498
2317,
300125,
300182,
300360,
300166,
300613,
600617,
600661,
603858,
688023,
600633,
300751,-132251.79739217472
688368,
603661,-124509.60919770662
688168,
300157,-131796.48954160162
300776,-126558.36444511733
600616,-125902.1593601187
300156,-121947.36825368908
300078,
2410,
300002,
300190,
2310,
2353,-15540.106884855544
300079,
2304,-290647.19700036664
300026,
300086,
300119,
600638,
300139,
688018,
300695,-132319.6239439502
300257,-153387.9535772945
300165,
300076,
300055,
300346,
688199,-133213.02308337772
2563,-137187.62924032527
300197,
300679,
600623,-73303.27152377051
2415,
300133,
688188,
300070,
300159,-110281.62859318579
600651,
600643,
900901,
300124,
600613,
300074,
2503,-120631.16642063741
300215,
603156,-69171.5541297642
688058,
600655,
2422,
300082,-123992.57079952146
2572,-134604.72783279693
300171,-76140.05787844483
300077,
300050,
600628,
300628,
688366,
601558,-128975.3916828888
300142,
600653,
700,-96437.9334026638
600609,-121676.82367924089
600654,
600602,
300146,-69558.2731158301
811,-110436.42174518286
2399,
600393,
